y1,y2,y3
-0.543278116,-0.016985147,0.045539064
-0.097170263,0.057836098,0.003028819
0.111588154,-0.481739374,-0.02666664
-0.166184073,-0.087311561,-0.223013104
-0.196031399,-0.023866303,-1.201948768
0.160485217,0.205754629,-0.938516683
0.364585284,0.1943454,-0.708060589
0.333120444,0.152686254,-0.786038875
0.528051423,0.413281515,-0.806404803
0.61559646,0.260311159,-0.146665951
0.829594462,0.246652792,-0.777941539
0.403448205,0.217766853,0.126161114
0.331311601,0.124244564,-0.722110572
0.54229749,0.210061122,0.709304813
0.488590154,0.227790689,-0.124587635
0.004743979,0.213071605,-0.741798134
0.136996465,0.03316306,-0.28250579
0.434186688,0.075637625,-0.392005366
-0.256832594,-0.182303515,-0.235869674
-0.093537101,-0.393081887,-0.431010524
0.200878992,-0.432388249,-0.459568928
0.478749488,0.08159711,-0.211971239
0.534836278,-0.326371223,-0.304536399
0.707738382,0.381016139,-0.656277376
0.173332852,-0.228610204,-0.068504818
0.319259228,-0.376215601,-0.792806512
0.062708246,-0.696794676,-1.205246806
0.174840014,-0.883285623,-1.435054092
0.062504927,-0.491188284,0.191862782
0.204981274,0.146206658,-1.069331004
0.135574925,0.772276814,-1.172377933
-0.043181113,0.716673827,-0.691568474
-0.567900979,0.778705501,0.054621974
-0.61198742,0.287917196,-0.014446064
-0.29398878,0.331774883,-0.995718711
-0.055408223,0.085654218,-0.333400361
-0.215880863,0.324326943,-0.242543221
-0.294024128,-0.028577129,-0.663661528
0.142088105,-0.237681998,-0.441184256
0.500163094,-0.062883866,-0.455375425
0.300194238,0.147042794,0.072622429
-0.182846967,0.258913413,-0.50225451
-0.386912199,0.181643844,-0.210230293
-1.036087493,0.71143624,-0.131821733
-0.9636845,0.832078985,-0.665871636
-0.326094123,-0.019915944,0.327904723
-0.724750313,-0.548508521,0.558996434
-0.430634924,-0.391265312,0.305334513
-0.204220556,-0.183423875,-0.053487884
-0.351548306,-0.049535428,-0.706075135
-0.849845673,0.080656774,0.319781193
-0.60408444,0.041400351,0.229898673
-0.333322326,-0.078464466,0.447696446
-0.04884841,-0.363001181,-0.607513258
-0.374798357,-0.220922142,-0.412832947
-0.469212315,0.070416555,-1.174606251
-0.785308604,0.854665611,-0.2084296
-1.114881306,0.26839413,-0.987968744
-1.094541844,-0.043520074,-0.041685282
-0.667756273,-0.443730187,0.744795832
-0.241397179,-0.000673918,0.031979764
0.283769497,0.409382885,-0.448990535
1.043540809,0.079903323,0.295794428
0.964552906,0.125779312,-0.713107569
1.019519076,-0.099082132,-0.368598208
0.220731333,0.423289313,0.038546104
0.422302807,-0.198287796,0.51243536
0.419752576,-0.273180841,-0.561603283
0.043278944,-0.697997655,0.753790076
-0.118152829,-0.114079605,0.112440745
0.065034351,0.05937629,0.117830983
-0.166250848,0.179753804,0.780775122
0.37820296,0.183036609,0.615053324
0.390406314,-0.142200692,0.204432325
0.931699296,-0.119304244,0.954357499
1.077585262,-0.117042884,1.092357561
1.01609382,-0.025094055,0.602943955
1.473517,0.143772755,1.303825775
1.632231218,0.261604852,0.865624932
0.951724997,0.146767853,0.158650167
0.867870076,0.453401283,0.989408896
0.728833603,0.018687949,1.173991631
0.70979085,-0.233314617,0.428585539
0.613991847,-0.09043053,-0.058830775
0.368593487,0.227492482,0.558689066
0.51486176,0.412940252,-0.170220197
0.264395338,-0.055228254,0.277220441
0.276891537,-0.382325924,-0.371866342
0.351546908,-0.218919404,-0.178497475
-0.153061156,-0.519438809,-0.180156534
0.100962591,-0.112469266,-0.351091068
0.511723789,-0.101364852,-0.482337703
0.249617873,-0.86670008,-0.468397579
-0.225839871,-0.561751694,-0.187529746
-0.750588627,-0.656148533,0.222367182
-0.596816759,-0.372015376,-0.21430994
-0.764433839,-0.508832953,-0.1860988
-1.076632953,-0.944100777,-0.269057024
-1.270444654,-0.632116834,-0.434177038
-1.385077726,-0.393644713,0.3201124
-1.095510598,-0.508908179,-0.443022275
-1.0657249,-0.257417916,-0.461862938
-0.641235469,-0.128381403,-0.112833341
-0.516340788,0.303859127,-0.240910313
-0.226972581,0.438651178,-0.721195498
-0.037534438,0.371348083,-0.471305851
0.175580325,-0.308956542,-0.80117574
0.089842045,-0.547449327,-0.301365141
0.606629168,-0.532083621,-0.229292523
0.518617591,0.172653686,-0.752970067
0.287246462,0.085735526,-0.145700385
0.044721652,-0.08675902,-0.935976844
-0.060261864,-0.449595386,-0.842403487
-0.072669516,-0.134315725,-0.491748995
0.091550392,0.262252254,-0.672741401
0.062034477,-0.244223297,8.47E-05
-0.16034834,-0.428284401,-0.46626433
-0.117686528,-0.518881759,0.459098031
-0.051417094,0.08460689,-0.16638235
-0.229319029,0.445169125,-0.157523284
-0.096969457,0.552587395,-1.968467943
0.022263771,-0.010582925,-0.746569148
-0.3250681,-0.007104784,-2.121509138
-0.286504549,0.735012168,-1.886221249
-0.320406155,0.315841125,-1.170256387
-0.288142749,0.459156779,-1.504376874
-0.049940851,-0.426649608,-1.169989896
0.047838499,-0.078536744,-1.47574449
-0.20082194,0.049028614,-0.554967726
0.33103335,0.120593625,-0.967622639
0.553852902,0.21543466,-0.904853836
0.775870576,-0.333692886,-0.727746632
0.54428896,-0.641168763,-0.398239504
0.076528815,-0.208505543,-0.233386078
-0.669904092,0.372208395,-0.154589152
-0.168117048,0.699205218,0.008335829
-0.543799609,0.5590245,0.293442198
-0.397667128,-0.028999788,0.383091818
-0.482187073,0.308357535,0.290883494
-0.410150135,0.303441254,0.792382269
-0.628423208,0.733691367,0.736993739
-0.565937598,0.690376328,1.243648309
-0.50459435,0.034368373,1.199143758
-0.086613723,0.139448405,1.768080392
0.060265329,-0.009636098,1.058326286
0.084839743,0.467788859,1.479391744
-0.047321608,0.272676329,1.154162193
0.405282576,0.064598754,1.091359258
-0.209077589,-0.146292081,1.040536672
0.066364157,0.079126036,0.901584062
0.056803692,0.413407477,1.249482605
0.299573849,0.439112921,-0.002894543
0.339141791,0.213498817,0.887905367
0.476461314,0.057669095,0.119328363
0.074348526,0.126083457,0.30747673
-0.485691639,-0.213521529,-0.5835716
-0.174130484,-0.167395502,-0.549794079
0.038552949,-0.226926256,-0.203154569
-0.222144947,0.404882363,-0.421800277
-0.202095153,0.04755619,-0.053110107
0.052345356,-0.003979522,-0.751833665
0.217238551,-0.858384337,0.264912723
-0.3605181,-0.374214019,0.115575214
-0.065258879,-0.563086805,-0.060046435
-0.269452864,0.218376984,0.238013398
-0.067527886,0.62007765,0.003052595
-0.484516061,0.612115146,-0.489220102
-0.160695497,0.160476807,-0.883692359
-0.20206844,-1.021127821,-0.612318893
-0.639233036,-1.280802505,-1.055580101
-0.2993616,-1.175961232,-0.319599908
-0.376476771,-0.138017091,-1.144401149
-0.437187835,-0.030871996,-0.354359538
-0.689586212,-0.212340571,0.469115711
-0.125842552,-0.046168527,-0.713999205
-0.240004735,0.337963933,0.326808853
-0.295643008,0.700407917,0.560699575
-0.602915119,0.471773375,0.09678761
-0.630230593,0.725315884,0.369931465
-0.510746618,0.420701262,0.385921866
-0.600667221,0.151324399,0.303881948
-0.922022776,-0.462424553,0.494852878
-0.037708747,-0.213127066,0.877888717
0.259735259,-0.314452358,-0.005913454
-0.210697842,0.190183605,-0.388437436
-0.265048965,-0.435987661,0.016978206
-0.140004141,0.273847314,-0.011999677
0.502910403,0.735734543,-0.769821752
-0.243247888,0.866411073,0.189818453
-0.139329862,0.832766892,-0.656565614
-0.064341994,0.692338958,0.132204952
0.445810906,0.293582108,0.274778583
0.22023105,-0.374178227,0.301648075
-0.142597634,0.075111973,0.000530746
-0.130438951,0.03176052,0.963801725
-0.338392314,-0.391219167,0.189688229
-0.553670241,-0.283616154,0.56951079
-0.269202223,-0.289562684,0.162555072
-0.267863737,0.215131123,0.255184634
0.000626708,-0.152189602,-0.087094569
0.029919502,-0.365525773,0.727479148
0.663071511,0.290784436,-0.150510704
0.64378501,1.140585367,0.322398474
0.464493769,0.963513808,0.816512394
0.406313608,0.110986363,0.717277435
0.583017649,-0.437110665,0.822516671
0.45585726,-0.280111696,0.215621639
0.293941714,-0.484332048,0.644250138
0.277958024,-0.061723071,0.373311293
-0.149740918,-0.00740649,0.059221595
-0.02437134,-0.042581668,0.168376817
-0.021812701,-0.139199937,0.047468292
0.418186843,-0.211135821,0.090266287
0.063043517,0.341530004,-0.362251832
-0.223912487,0.164066123,-0.186873919
-0.43275659,-0.188064837,-0.805401404
-0.393695577,-0.517951873,-0.860824758
-0.61265101,-0.226025399,-0.824928065
-0.417801127,0.058865245,-0.707637657
-0.113338084,0.07700098,-0.719772709
0.046511409,-0.361177444,-1.331958319
0.575186029,-0.284880064,-1.216280796
0.059509539,0.116652727,-1.733653616
0.404225358,0.544006278,-0.684803696
0.401292145,0.257146002,-0.820708008
-0.1128322,0.006429278,0.526410182
-0.303109197,0.333676586,-0.167864144
0.080166523,1.034952384,-0.447953585
-0.207844195,0.836826526,1.045529029
0.166464234,0.651084165,0.375086553
0.689330287,-0.055183854,0.395108144
0.440606612,-0.501738226,-0.145181479
0.129699794,-0.825299884,-0.345311132
0.267843703,-1.274486093,0.122022573
0.12134656,-0.596514838,-0.446983605
0.131382101,-0.17664782,0.683122566
-0.63292402,0.993098816,0.561701504
-0.404965314,0.854041124,-0.344103442
-0.407265588,0.543136021,-0.262396121
-0.189651871,0.414102538,-0.126603954
-0.475415126,0.470254324,-0.851769446
-0.518607871,0.675244705,-0.559327086
-0.146481095,0.10688629,0.474132768
-0.73297757,-0.229555597,-0.556487636
-0.958171926,-0.251513721,0.192705729
-0.764413365,-0.76040376,-0.25317264
-0.804733335,-0.121354485,-0.279932362
-0.626820091,-0.389444496,0.683987529
-0.843417242,-0.330044557,0.062617231
-0.592231646,-1.191894172,0.211819307
-0.418864385,-0.680597244,-0.379070266
-0.426014448,-0.409405327,0.973475626
-0.610259334,0.174445973,0.561420552
-0.334641411,0.31177243,1.04123505
-0.405715006,0.034032904,0.853354403
-0.488342992,-0.155327002,0.784399562
-0.672663794,-0.628290823,0.140883432
-0.902345923,-0.157007954,0.628280588
-0.857163014,0.011960892,0.325024573
-0.823576955,0.288130604,0.163593157
-0.235477127,0.123137217,0.481737189
-0.552895791,0.179453344,-0.024327998
0.066266629,0.326101838,0.220725767
-0.186102511,0.165026565,1.310091953
-0.166225483,-0.054382835,1.115735354
-0.240142581,0.310305389,1.139421406
-0.301715138,0.019133293,0.825169859
-0.46386523,-0.196089051,1.48015292
-0.298406893,-0.347259192,1.364328645
-0.415098449,0.045453832,1.706862456
-0.151270041,0.293267287,1.273698363
0.055126193,0.421657295,1.436848086
-0.182675146,-0.150750947,0.919726923
-0.460942299,-0.149472482,0.845865488
-0.7620176,-0.181922817,0.393331422
-0.588036281,-0.008753169,0.157175277
-0.450279076,0.583820043,0.087965486
0.023206035,0.297030399,1.222307001
0.398630036,0.760835786,0.491284689
0.323625472,-0.038319436,1.232032982
0.253931978,-0.061708387,1.038427125
-0.220842339,-0.05439645,0.384097423
-0.197929662,-0.668864197,0.23554161
-1.244105381,-0.206184524,0.644568486
-1.361215573,-0.461455024,1.160463858
-0.761978235,0.165873553,1.08732959
-0.617917493,-0.463075976,0.657818587
-0.729193125,-0.590454066,0.76268737
-0.061928841,-0.108066953,-0.129184709
0.481755485,0.476683989,0.274090927
0.156881647,0.873787137,0.677865962
0.415712268,0.636987729,0.782701767
0.397715815,0.124906061,0.773185887
0.099518886,0.889970964,0.3740288
0.081014802,0.900357696,0.555361654
0.393697482,0.624029806,1.036165366
0.110130661,0.019698675,1.094239823
0.038342347,-0.331400386,1.259101599
-0.501396341,0.142714669,1.977270707
-0.065674251,-0.275298109,1.673153019
-0.321351516,0.579523001,1.23168634
-1.034482614,0.41061512,1.669744638
-0.954590166,0.396561158,1.058607954
-0.819930085,0.477796034,0.532732218
-0.240951792,0.624105263,0.954973067
0.007392433,0.828554291,0.123887896
0.381227956,0.308095762,-0.68680166
0.083263201,0.168590557,-0.117864365
0.427397149,-0.138113524,-0.411687166
0.463225908,0.250240726,-0.949621674
-0.683685362,0.013866087,-0.886299112
-0.332574132,0.500928213,-1.162465707
0.169905183,0.516645732,-0.704572576
-0.25975163,0.78227774,-0.637261228
-0.518446633,0.111586567,-0.816609174
-0.182816576,-0.042013336,0.299110401
-0.610928042,0.108229581,-0.362651272
-0.346440568,0.020945756,-0.177853837
-0.16592027,0.011959345,-0.056173891
-0.575595487,-0.265144806,0.027626268
-0.252346997,0.424939905,0.451607233
-0.097524114,-0.150290792,-0.023885703
-0.184311601,-0.166529478,0.486833954
-0.42755522,-0.42026371,-0.236495256
-0.280630321,-0.137540915,0.139162758
-0.931493587,0.023640549,0.010395919
-0.042216711,0.182692607,0.107595798
0.098231779,0.121408824,-0.137671445
-0.305049667,0.263008091,-0.118541966
-0.262331433,0.288814165,-0.707867499
0.144630335,0.117597464,-0.495208147
-0.254957899,0.179933873,-0.804191336
-0.223781492,-0.065036671,-0.847114131
0.079960709,-0.100380566,-1.066075745
0.118507281,-0.702279391,-0.681624914
0.172712513,-0.749113446,-0.86284768
0.130717379,-0.293758612,-0.173479267
-0.115076889,-0.13715451,-0.001372793
0.237278973,0.277037704,0.020756365
0.474859172,0.821652075,-0.820305309
0.490705225,1.110232444,0.317397526
0.639457118,0.760162397,0.061828835
-0.241852466,0.945343507,0.033860884
-0.140494982,0.437939974,0.604217671
0.015468973,0.669038639,-0.016852904
0.171878885,0.440611574,0.087860411
0.066134698,0.39130207,0.367084425
0.50362223,-0.286705131,0.172451405
0.368254458,-0.761801733,0.03437548
0.168416762,-0.781146074,0.210157789
0.517442368,-0.206840774,-0.275366665
0.528142262,-0.285012882,0.098999363
0.003819349,0.10320479,0.022939962
0.602790095,-0.06210828,0.071691959
0.400069738,-0.357853331,0.341119089
0.774976462,-0.372582623,0.041368382
0.453839983,0.10789626,0.155857442
0.643986863,0.024971977,-0.123119308
0.955755696,-0.19555902,-0.800440009
1.377186659,-0.562190085,-0.663070153
0.893927468,-0.797949945,-0.10648085
0.110089123,-0.798279397,-0.333067604
-0.10464051,-0.129961726,0.335828465
-0.149492551,0.594326037,0.11927399
0.201939389,0.321813861,-0.092128123
0.49644795,-0.36458399,-0.000653936
0.479860226,-0.477549344,0.080739448
-0.18637943,-0.116569537,-0.077475538
-0.171863619,0.001195067,-0.539760539
-0.386218412,0.235647183,0.535703084
-0.697316065,-0.338003094,0.30061751
-0.669134072,0.069156853,0.647756466
-0.949229178,-0.699684778,1.144125922
-1.250276531,-0.390641081,1.176060681
-1.059052346,-0.174205377,0.734678528
-0.545292613,0.159047438,0.540080939
-0.346402963,-0.099265435,1.351184484
-0.333501655,-0.288590602,0.548355283
0.023720283,-0.384179802,0.270897383
0.11825176,-0.392886085,0.286732575
0.453533434,-1.22575716,0.762483368
0.409756743,-0.390982557,0.277147429
0.612480165,0.133189733,-0.309399748
0.268536303,-0.260154809,-0.300705713
0.455782137,-0.536377818,-0.965001072
0.996755762,-0.757628494,-0.978163078
0.877367912,-0.232704342,-1.085808094
0.691101083,0.157171365,-1.445435203
0.38543628,0.537099053,-1.278858672
-0.024075704,0.142226083,-0.808532239
0.466817496,-0.035563697,-0.181244441
0.169543663,-0.091664199,-1.044265604
0.030978399,0.182769493,-0.03246898
-0.181377785,0.439620291,0.983556743
-0.248271447,0.753986642,-0.208974974
-0.754877849,-0.02111894,-0.4306437
-0.417577628,-0.360404163,-0.097667348
-0.526961697,0.171925532,-0.102552337
-0.763492001,0.594620127,0.182674291
-1.108563784,0.637231085,0.850667084
-0.427650413,0.083726958,0.046131379
-0.534583996,-0.230547022,0.028840464
-0.531077754,0.110733792,0.387573905
-0.501731027,-0.188798306,0.587575994
-0.290566625,-0.195715625,1.277195525
-0.353628541,-0.219049348,1.370458935
-0.119853722,-0.173846906,1.862312469
-0.397978526,0.285711019,1.900192123
-0.078726537,0.286741065,1.733027371
-0.35184661,0.400949967,1.567175028
0.023009738,0.100511069,1.253863915
-0.038466491,0.121229395,1.227625335
-0.29351229,0.036664702,1.162528722
-0.097467678,0.121814278,1.006162192
-0.751431665,-0.233412907,0.425369054
-0.48336142,0.034962826,0.813940159
-0.088370549,-0.113217929,0.618205124
-0.20557288,0.086524785,0.852203846
-0.051085476,0.196902406,0.139090058
-0.125347323,0.274813151,0.044218337
0.452132964,0.433793474,-0.049462693
-0.331167883,0.102270994,-0.570593399
0.027787776,-0.088191223,-1.038462835
-0.380571945,0.279962439,-1.178678982
-1.094070768,0.41265274,0.029455203
-0.770881836,0.083687086,-1.09565072
-0.905568797,0.583613474,-0.361596259
-1.058014626,0.290688171,0.287428379
-0.917825554,0.678116886,-0.084758333
-0.984139133,0.104448245,1.03606066
-1.170662925,-0.322249033,0.300594359
-0.769279878,-0.67202332,1.034823277
-0.963136105,-0.523505835,0.373961854
-0.73777365,-0.423578802,0.385619893
-0.027433607,-0.480562956,0.516633165
-0.076246471,-0.263300228,0.064600847
-0.487637706,-0.53522004,0.36902889
-0.960283736,0.003190355,-0.027157172
-1.024358474,-0.274102332,0.122969524
-1.432889087,-0.348041347,0.838662054
-1.086784605,-0.606884208,0.262122376
-1.323767303,-0.178351758,-0.273717119
-1.575059893,-0.245267358,-0.920468367
-1.365209583,0.275360032,-1.065975593
-1.13550034,0.359687046,-1.344887466
-0.787054759,0.30634261,-0.368928819
-0.379575171,-0.002404158,-0.054496334
-0.652501393,0.08357435,0.046117933
-0.814451831,0.166661137,0.005079228
-0.687452161,0.041350776,-0.511975798
-0.758172472,-0.379894722,-0.685350777
-0.360117025,-0.67378855,-0.238126813
-0.356935351,-0.515072011,-0.145487418
0.002310844,-0.260156693,0.340372457
0.012018116,-0.575460231,0.472399898
0.593247732,-0.183851708,0.850464224
1.020937197,-0.440151697,0.080178652
0.79243693,-0.214901245,0.204334678
0.599217135,-0.243094757,-0.369921967
0.583324236,0.212179851,0.3808603
-0.016308774,0.439420787,-0.315430291
0.220695058,-0.019763872,-0.189955227
0.194884498,0.02413985,-0.023902615
0.124223953,-0.262626367,-0.029470427
0.422038338,-0.093640222,-0.545405926
-0.074558654,-0.183538032,-0.492609708
-0.029409058,-0.111530938,0.310964794
0.34141078,-0.303992002,0.314747155
0.450830077,-0.401108979,0.261076811
0.14984632,-0.184134064,-0.081782454
0.516456189,-0.812767386,0.137861345
0.122417353,-0.777386198,0.200805798
0.935751236,-0.127885927,0.227004733
0.373130716,-0.303791995,0.737949793
0.747751732,0.486276754,0.085363866
0.866632191,-0.115607084,0.114468841
0.910477976,-0.093554998,-0.119428173
0.232750559,-0.435544616,-0.070388736
-0.15876641,0.087248648,-0.760702729
-0.42688883,0.37562115,-1.114851221
-0.165652191,0.233187197,-0.352955022
-0.137385871,0.076588269,-0.089075431
-0.055721514,-0.500415594,-0.066938668
0.218247255,-0.515804664,-0.454105285
0.216481561,-0.675748093,-0.0824739
0.470163011,-0.657743398,-0.055368305
0.527980207,0.003953193,0.12127489
0.605925218,-0.794795105,0.376759882
0.956967486,-0.548215568,1.204348417
0.582125313,-0.353200305,0.736788055
0.224511611,-0.186532892,1.063926088
-0.145962249,-0.153663274,1.295742935
-0.465857582,-0.390120595,-0.104380283
-0.238464269,0.075746717,0.385628549
-0.254996488,0.718051851,0.545838769
-0.44619047,0.477347319,0.073580484
-0.406747494,-0.2417251,0.462752771
-0.636583494,-0.374726099,-0.555161939
-0.386082458,-0.882301201,0.149513067
-0.219402654,-0.389769139,0.316693547
-0.169252611,-0.379487315,0.596113995
0.013558679,0.469700338,0.268490837
-0.03446764,0.065374185,0.826099432
-0.418441375,-0.22705049,1.275020903
-0.70041314,-0.392817509,1.316880439
-0.543716681,-0.51735004,1.056391496
-0.441290482,0.034119745,1.403470558
0.217994172,0.053193705,1.078400042
0.030133753,0.156749299,0.648251819
-0.279071962,0.140058666,0.642721539
-0.581052778,0.022922674,1.416999023
-0.67385239,-0.045677085,0.808285564
-0.41794996,-0.464581005,0.28408415
0.582754238,-0.141112243,0.502118281
1.219357672,-0.169003936,0.143761979
0.902090685,0.583144685,-0.3657161
0.577609228,0.311867357,-0.092320102
0.238489007,-0.190959362,-0.788905831
0.279764453,-0.008352077,0.095685082
-0.407280746,0.320696453,-0.293859927
-0.387219985,0.311133113,0.199584129
-0.233701181,-0.340207814,-0.118791599
-0.307865857,0.248019259,0.014683772
-0.828339823,0.428111046,-0.051186536
-0.643684372,0.27319221,-0.746620301
-0.591867456,-0.488670856,-0.68329611
-0.659281822,0.094655589,-0.412730304
-0.228285148,-0.110522161,-0.377171582
0.111442789,0.189598792,-0.043174237
0.698094014,-0.018526953,0.135279012
1.157305098,-0.228692008,0.489990543
1.02736134,-0.838519879,-0.054452178
1.223718521,-0.0397956,0.422549954
0.824698665,0.082324711,-0.909526927
0.274460735,0.428363422,0.113352981
0.913064734,0.318357821,-0.630780125
0.269822461,0.560562988,-0.852599292
-0.006104222,0.201880154,-1.452002851
-0.094566383,-0.182039132,-1.051336983
0.128076885,-0.339899066,-1.255964637
-0.071257012,-0.497270405,0.121396348
-0.384153024,-0.102871768,-0.897615476
-0.383450991,0.135810262,0.201953851
-0.324255175,0.425128887,-0.617084658
-0.692062691,-0.12318236,-0.145402058
-0.479038519,-0.098427048,-0.462532563
-0.061239699,-0.090252784,-0.525880557
-0.459154832,0.522082215,-0.706963455
-0.127742699,0.225260674,-0.371475071
0.105337519,0.291811766,-0.739113542
-0.271939872,0.226986493,-1.186658331
-0.155295587,0.450202085,-0.744157184
-0.00552245,0.206702718,-0.166069275
0.417503019,0.016164735,-1.026027065
0.060329093,-0.027669055,-0.456292446
-0.093184127,-0.123604583,-1.105341291
-0.195295581,-0.277225576,-0.416824
0.154110892,0.122026371,-0.175865194
-0.091224067,-0.030010633,0.153733914
-0.537057367,0.052141638,0.07273816
-0.245025551,-0.166223664,0.11707825
-0.511050923,-0.15638579,0.086053129
-0.584917983,-0.684186536,0.426950143
-0.512355721,-0.384172337,0.667025451
-0.521638173,-0.072493999,0.250854062
-0.71395766,0.302593681,0.154401727
-0.386410575,0.04889611,-0.296772309
-0.645738387,-0.768743729,-0.205475111
-0.813939423,-0.841725067,-0.086631594
-0.391544917,-0.558251596,-0.491749567
-0.03214654,0.179341635,-0.332506566
0.305087744,0.679033497,-0.278766642
0.110179997,-0.23676419,0.286951958
0.398707804,-0.018078143,0.041635877
0.281753045,-0.218789006,0.188376143
-0.374879075,-0.27984835,0.029959109
-0.156501764,-0.460421546,-0.07168727
-0.23357015,-0.248368463,0.440480513
-0.02121905,0.417149124,0.144872468
0.003107591,0.4626465,0.666915458
-0.148055686,0.502979133,0.714005833
-0.278175739,0.268802234,0.432141074
-0.224163142,0.136645802,0.826295971
-0.469759233,0.060547448,0.737773636
-0.140823219,0.011837186,0.094290618
-0.584224794,-0.394003132,0.5445344
-0.529594595,-0.385536603,-0.171662525
-0.393944993,-0.583561027,0.023584327
-0.742679165,-0.052326493,-0.044989007
-0.625274418,-0.109452181,-0.377199179
-0.228033306,-0.204129048,0.282644514
-0.418491245,-0.240646318,-0.656373442
-0.653467202,0.055811147,-0.115574784
-0.491741434,-0.084556409,-0.443815748
-0.888407423,-0.5267184,0.335530459
-1.132807295,-1.265653004,0.868519478
-0.989625541,-1.094810834,-0.526536183
-0.965621871,-0.987641508,-0.058289098
0.125453104,-1.019462188,-0.453946773
0.19342376,-0.551381922,-0.719788854
0.198361496,-0.566801911,-0.204644311
0.472880686,-0.202690118,-0.205641251
0.271451148,-0.73754197,0.117907955
-0.318319731,-0.767171637,-0.047034941
-0.305541437,-0.057368864,0.032125303
-0.207548205,0.228588946,0.272662161
-0.458903706,0.68040266,0.430688511
-0.359958829,0.562916728,-0.76236905
-0.412094119,0.693843723,0.084190637
-0.069904688,0.594213597,0.102811487
0.126654645,0.544687532,0.209038941
-0.157562149,-0.291617488,0.108017106
-0.006103437,0.02700033,0.578738396
-0.22809353,-0.362665945,-0.071787804
-0.563078879,-0.432719127,0.240810571
-0.482565355,-0.174482252,0.353221346
-0.432221969,-0.039327891,0.113318204
-0.532331088,0.121014988,0.090330867
-0.656379567,-0.104119527,0.407946375
-0.433224199,0.518160721,0.211520325
-0.109672679,0.242237898,0.086004948
-0.183592253,0.57574627,0.868117409
0.24588367,-0.001662061,-0.203868464
-0.168609314,-0.038482257,-0.934210815
-0.190496362,0.200331563,-0.392864896
0.254938663,0.525467129,-1.038060849
-0.027333803,0.318984039,-0.148531535
0.131793847,-0.186744492,0.057277175
0.154582591,-0.32684965,0.128931836
0.067554856,-0.521621787,0.534770433
0.073581077,0.290323779,0.527394679
0.17520301,-0.32202162,-0.097458682
0.331023423,-0.029950619,-0.392016065
-0.144123691,-0.403221317,-0.756478331
0.085054689,0.15324958,0.125715208
-0.234325116,0.237423184,-0.626627397
-0.222237919,0.324262395,0.658057633
-0.620699286,0.478833811,0.027533704
0.534281865,0.533614909,-0.071698822
0.519952412,0.184907866,0.321444065
0.620637065,0.544683202,-0.108235986
0.473703001,0.479983679,0.166390937
0.45396129,0.530184874,-0.058833562
0.935721342,0.126249084,-0.618732703
0.638933579,0.25307139,-0.716246056
0.333405043,0.245252856,-0.853604218
-0.158157111,0.747274212,-0.662724757
-0.463639712,0.151132341,-1.020902788
-0.590485559,0.180005176,-0.493350384
-0.550765736,0.125770728,-0.545349814
-0.496974498,0.566159131,-1.118954444
-0.387718317,0.345078383,0.332093357
-0.151624339,0.5354725,-0.287610899
-0.398636745,0.291077857,0.300315994
-0.232509272,0.501164864,0.673145456
0.110160954,0.669242735,-0.152683798
0.233196058,0.369928273,0.606852972
-0.066513627,0.593072879,0.65039565
-0.413954381,0.02949721,0.506104762
-0.357062651,-0.076690074,0.242776997
-0.069158564,-0.634041403,0.413365459
-0.10353003,-0.164203931,0.183552812
-0.178949978,0.498986453,-0.225579891
-0.198406954,0.621193866,0.41194163
-0.194110177,0.614733365,0.235879955
-0.092835993,0.185722849,0.246422895
-0.41857553,-0.096749794,0.656162988
-0.59760883,-0.41300463,-0.105623755
-0.675244796,-0.271626525,-0.407604538
-0.243948275,0.454582731,0.039769648
-0.48586519,0.636572008,-0.047823484
-0.279436995,0.722493762,-0.257707112
-0.242372686,0.247477442,-0.934900317
0.08491119,0.069278128,-0.945635677
-0.240235092,0.162374005,-1.285747593
-0.065980017,-0.030624537,-0.792532739
-0.184155547,0.553399071,-0.724443179
-0.153224344,1.096656752,0.205898374
0.374285306,0.507069931,-0.391328972
0.353545125,-0.133332947,0.471437513
0.72223424,-1.021526045,-0.008299477
0.484744307,-1.509558555,0.80376636
0.492587664,-0.820207654,0.745886728
0.568926375,-0.361304099,0.36466682
0.497052114,0.489899055,0.932993862
0.023224885,0.605567734,1.160062254
0.092410334,0.839550395,1.345896666
-0.522658937,0.745519422,1.435438844
0.095963084,0.823551775,0.918726308
0.163659046,0.706016187,0.572054922
0.247358575,0.285498312,0.324917139
-0.159041745,-0.055177737,1.069913397
0.591166955,-0.154816425,0.811318462
0.449277038,0.432476518,0.929226216
0.38727657,0.364272344,0.824728563
0.537698641,0.447909925,0.673399001
0.381284784,0.299285861,0.783482464
0.6495943,0.130448623,0.758011364
0.307790534,-0.762713208,0.296042646
0.251458661,-0.075130977,0.509778278
-0.109748971,-0.500585262,-0.122479907
0.027292722,-0.091847381,-0.02501865
0.007950828,-0.662695161,-0.725716021
-0.665804795,-0.315123729,-0.830250236
-0.482440254,0.057343969,-1.539427932
-1.130065058,0.497981317,-2.225313775
-1.321258207,0.465248026,-1.592908723
-1.018062708,0.548731615,-1.658215391
-0.240544682,0.316285189,-1.616255871
-0.501145766,0.315981599,-1.206981434
-0.199898037,-0.020173172,-0.747587854
-0.056884887,-0.039208356,-1.008196309
-0.319398371,0.305611428,-1.192603432
-0.880824631,0.102058121,-1.174224327
-1.296824948,0.432899979,-0.81673577
-0.862056722,-0.044679319,-0.265625555
-1.103165276,0.21963078,-0.662576599
-1.976464851,0.56799644,-0.531747532
-1.490721252,0.97731054,0.132112043
-0.802276021,0.53410293,-0.471241406
-0.388596772,0.372834739,-0.011440637
0.299669835,-0.017356294,0.341296111
-0.02097322,-0.36808262,0.31809495
-0.24507806,-0.476056114,0.74246695
-0.060609232,-0.573760573,0.520892016
0.204660419,-0.435102313,0.496633844
-0.391972146,-0.54334318,-0.376969815
-0.559053322,-0.000788042,0.657289751
-0.666431925,-0.361209705,0.498907785
-0.290944522,-0.160847023,-0.065380907
0.361524536,0.420998267,-0.546022193
-0.068259942,0.226851855,0.627935966
-0.200108987,0.58351068,0.146316031
0.101244772,-0.585101125,0.658424603
0.094189242,-0.561866185,0.026331102
0.088308066,-0.262263313,0.686090494
-0.200370615,0.56301612,0.675942264
-0.090230675,0.227869631,0.065129633
-0.350755139,-0.59893291,-0.146374823
-0.478586986,-0.076964509,-0.281814695
-0.156361412,-0.016236693,-0.403443825
-0.464451366,0.27890377,-1.033048082
-0.244967277,-0.343240775,-0.595892596
0.302132003,0.274457116,-0.348200058
0.234385391,-0.097796308,-1.458096623
0.366867189,0.43723584,-0.601524093
0.019740213,0.102735772,-1.465210105
0.029919987,0.746719393,-0.396972376
0.448535746,0.637212739,-0.699057306
0.107021261,0.38458153,-0.565096128
0.388988124,0.299432934,-0.980937445
0.25015525,0.267489457,-1.002540967
0.212801063,0.64896013,0.026733011
0.011521008,0.744047889,0.098430698
-0.05814293,0.746960721,0.692184418
-0.836818669,0.582917642,0.709586237
0.043250754,0.615500714,0.48929564
0.269173491,0.958144235,-0.051132914
0.907024918,0.583642427,0.023540387
0.268776441,0.350034185,-0.626491579
0.255479992,0.195523508,-0.6220365
-0.075091827,0.240413803,-0.290686231
-0.132055348,0.201836287,0.176886006
-0.185711592,0.143940372,-0.58952787
0.251679329,-0.202244964,0.217223151
0.434812246,-0.504131416,-0.697273082
-0.180165121,-0.58906749,-0.569400693
0.151390308,-0.438959873,-0.593018457
0.212917345,0.016109028,-1.09114191
0.231563332,0.023332996,-0.697988416
0.524726133,0.351699621,-1.224950357
0.307025675,0.43576011,-1.02564675
0.37063056,0.436499956,-1.40765276
-0.322447346,0.481705578,-1.354001154
-0.33356033,-0.054147693,-1.240777321
-0.198989982,0.103327912,-0.769118105
0.225856018,-0.387983325,-0.850664344
0.657441839,0.133777572,-0.60146892
0.316854569,-0.376117742,-1.094321726
0.248487093,-0.101352503,-0.547846951
-0.267701703,-0.125952005,-0.531489157
-0.690768125,-0.563120577,0.711195442
-0.367978723,-0.830406913,0.15027593
-0.893471818,-0.638794806,0.481354403
-0.362877044,0.486522888,0.103136126
-0.436760221,0.618390868,0.040082443
-0.607832764,-0.095806291,0.716100396
-0.123424282,-0.026152595,-0.528747516
0.066234339,0.025316992,0.764417321
-0.056829178,0.155501306,0.831841776
0.473209777,0.042006917,0.138933305
0.746384376,0.456510985,0.096953194
0.718897196,0.122217922,0.1969454
0.7382501,0.414239533,1.036269078
0.570003531,0.35817567,0.356958171
0.22308812,0.343459285,0.196985143
0.330298797,-0.131658144,0.364205708
0.151410959,0.380820309,0.844525668
0.256979449,0.350784609,0.474635982
0.363845368,0.85251034,0.911888727
-0.107164249,0.593148508,1.223158078
0.156347555,1.004689229,0.882038668
0.604228877,0.811387644,1.336882963
0.748805873,0.68213482,1.88060296
1.013880191,0.12426596,1.487024038
1.386806886,0.18939571,1.153835845
1.224459144,0.333678628,0.193108361
1.329902938,-0.125750029,1.123037816
0.910248812,0.327629715,0.863862551
0.91207916,-0.064316355,1.353485203
1.116285556,0.341125381,1.390020382
1.011676345,0.008405732,1.173315878
0.755507947,-0.01914186,0.753020123
0.333328626,0.049004568,0.974625843
-0.224576116,0.379538009,0.722579545
-0.309038114,-0.054188671,0.663389149
-0.265213228,0.29950982,0.188820429
0.472737285,0.086248396,0.494024508
0.434735721,0.2201435,0.317453142
0.539133523,-0.443186424,0.783318654
0.72952809,0.556417769,0.951385508
0.142608648,0.452765669,0.26644545
0.325898681,1.105191175,0.504114872
-0.184035132,0.318705202,0.020839817
-0.700985589,0.482164181,0.168081224
-0.309625788,0.378736767,0.158741847
-0.186067548,0.563227925,0.069415783
-0.376757228,0.872000205,0.402807224
-0.40022332,0.719508948,-0.126951401
-0.672657038,1.103501202,-0.352692855
-0.259282255,0.32022999,-0.178580637
0.40372545,0.20174848,0.828531649
-0.511178941,0.237964193,-0.290132158
-0.829031622,0.11552757,1.05501317
-1.168138634,0.273856167,1.202912176
-1.044034394,0.335576489,1.037916111
-0.973435623,0.089452235,0.578013798
-0.93868448,-0.153581668,0.610520088
-0.825355621,-0.577322875,0.058017021
-0.949176212,-0.731504479,0.12921758
-0.567331775,-0.660056852,-0.280683893
0.030232052,-0.257395157,-1.010305853
-0.454638637,-0.245269047,-0.776940737
0.086135536,-0.157948697,-0.547207971
0.142729576,0.060520285,-0.442460066
0.294042303,0.128587916,-0.151766019
0.013285984,0.199452335,-1.09918969
-0.105752815,0.284515147,0.256573695
0.276144113,-0.576528849,0.078765471
0.051963818,-0.195632776,-0.168366173
-0.049378657,0.185982861,-0.708762238
0.140555451,0.239002113,0.126860067
-0.173101314,-0.230789694,-0.214409758
-0.461901897,-0.392560358,0.043967911
-0.420184063,0.049686141,0.041248972
-0.041523452,-0.058165232,0.351249128
-0.485278849,0.294983196,0.085820827
-0.68922245,-0.485353362,0.132518041
-0.185433256,0.171585591,-0.110268347
-0.436119054,-0.122924221,-0.710323181
-0.779098646,-0.418688015,0.074450636
-0.819217215,-0.213458,-0.001402872
-1.049341422,-0.460794017,0.04554883
-0.2072279,0.191829873,0.309725209
-0.091823127,-0.647240276,-0.188788851
-0.184173017,-0.075237431,1.153998221
0.327776204,0.003163172,-0.645048612
0.054207597,0.724642663,-0.110710429
0.565591682,0.59736304,-0.079852356
0.092953947,-0.353931446,-0.471675479
-0.277539343,-0.23270954,-0.082291781
-0.765729326,-0.370475877,-0.2375518
-0.205476049,0.388756656,-0.084091216
-0.588482365,-0.325002722,0.407473658
-0.275110459,-0.11588164,-0.039763147
0.245510502,-0.987148331,-0.527268035
-0.129217284,-0.516079222,0.450599367
-0.417642686,-0.28163789,-0.422617522
-0.30995308,0.175348785,-0.289983088
-0.532537519,0.198312845,0.530557727
-0.628751644,0.29080847,-0.284402435
-0.403036914,0.174913352,-0.038610328
-0.260977126,0.231836653,0.320447268
0.361762838,0.52795079,-0.840842384
0.70038812,0.692503243,-0.259273426
0.008742169,0.764136097,-0.136881249
0.352011636,0.750869923,-0.94888812
0.179148391,0.542938185,0.315162441
-0.234008549,0.521021236,-0.687626145
-0.047865951,0.364657481,-0.661149378
-0.089551753,0.415032807,-0.680227445
-0.567767078,0.935751198,-0.562933893
-0.419756623,0.550734832,-0.834730212
-0.081899645,-0.125866059,-1.124967689
-0.227275294,0.127181994,-0.235861741
0.506553225,0.554186742,-0.028332611
-0.217743165,0.803194865,-0.155509814
0.133910682,0.127990533,-0.347959125
-0.43517323,-0.067443626,0.326376232
0.165151669,-0.116668613,0.513883929
0.157055144,0.119393487,0.41618699
0.008908034,0.202062679,0.598364468
-0.26013893,0.330857116,0.534497157
-0.630799017,-0.085438234,0.341818476
0.068125455,-0.77044902,-0.435195818
0.255994858,-0.623123626,-0.982768896
0.139580392,0.094173096,-0.445347481
0.693932765,0.488262038,-0.40108811
1.057548041,0.838629918,-0.339531694
1.539320957,0.524065611,0.358495242
1.506669716,0.40207892,-0.785762382
1.410447786,0.022394925,-0.508664936
0.964537003,-0.029952302,-0.97327711
0.480166636,0.044978142,-0.356383729
0.619795431,-0.143092313,-0.342664627
0.80966236,-0.70601656,-0.46691298
0.95486878,-0.630057166,-1.178286943
0.800194797,-0.84504491,-0.259591018
0.383066186,-0.014424276,-1.101565607
0.46267357,-0.573966094,-0.81912563
0.342542892,-0.440946911,-1.299687664
0.676870481,-0.473215865,-0.828539654
0.617431315,0.583637177,-1.381935501
0.248359317,0.135311491,-0.601470848
0.378425965,-0.373505385,-1.026712062
0.40740131,-1.185954522,-0.770624823
0.272883256,-0.923406096,-0.264746261
-0.050149548,-0.534990374,-0.78370586
0.010069907,0.043417957,0.332431386
0.097780197,0.346203411,0.776648378
0.228575302,0.665586211,1.091641701
0.045689809,0.506465171,1.345292448
0.498443997,0.338559746,1.537288819
-0.074281868,0.062895841,0.807789302
0.032174085,0.066454026,1.939889891
0.306529092,0.209843331,1.112644696
0.25067105,1.00765027,0.62185539
-0.113738851,0.6291407,0.32658671
0.333583869,1.445439735,0.322760432
0.517782199,0.809343137,0.168162609
1.08079808,0.862716764,0.41854758
0.825458785,0.351977365,0.160238955
0.418070652,0.530424441,1.110049244
0.444532762,0.071587215,0.87399184
0.208448682,0.081360872,0.96664685
-0.722808861,0.329125509,1.431342403
-0.150432696,0.596913786,0.365298186
-0.447434186,0.155218625,1.203457437
-1.03324436,-0.555936592,1.007944946
-0.650261878,-0.340307899,0.319075535
-0.353786999,-0.356984138,-0.050101255
-0.411716529,0.02360998,-0.483054966
-0.051936263,-0.350404335,-0.144852764
-0.197166141,-0.22884006,0.535461264
-0.176661664,-0.104141462,0.153211329
0.329378931,-0.298756782,0.399926408
0.013704722,0.191495479,0.50244202
-0.387621876,0.103219168,-0.15578484
-0.162615467,0.316656621,0.09146141
0.132535331,0.403573221,0.303853012
0.537081513,0.485699118,0.780849316
0.105243743,0.124367532,0.443967127
-0.385987615,-0.090342394,0.703046782
-0.490784445,-0.7604839,0.391473004
-0.292265227,-0.618341481,-0.026953783
-0.112016323,-0.219754676,0.41371614
-0.311345966,-0.091199787,-0.244676346
-0.347246765,0.301392722,0.57178301
0.223163859,0.037215287,0.901850991
0.232607872,-0.106688367,0.900825195
0.202305892,-0.763432773,0.877997499
-0.32194319,-0.311539757,0.986900908
-0.321269068,-0.690051037,0.855070738
-0.878736602,0.229118545,1.335926198
-0.824974216,0.055658237,0.895078239
-0.676852843,0.565125555,0.780101599
-0.373285695,-0.411480325,0.177861399
0.077718266,-0.277206647,0.246695769
-0.00818473,-0.458284015,0.068927147
-0.556064528,-0.331171334,-0.129320469
-0.097270883,-0.035870555,0.889398455
0.023808567,-0.152348798,-0.394599746
0.847158158,-0.382198796,0.128582454
0.539026075,-0.24772592,-0.115387644
0.752178747,-0.462229341,-0.535245819
0.773680628,-0.744271754,-0.035706187
0.228710696,-0.478983199,-0.158904453
0.287673717,-0.551374386,0.078569895
-0.027696178,0.353210759,-0.249876042
0.195234628,-0.361994147,-0.663258332
0.390608152,-0.32349323,-0.00069748
0.089899201,-0.950210595,-0.2492173
0.008692454,-0.648663372,0.408692846
-0.475909634,-0.296942427,-0.302009602
0.017394595,0.026918197,-0.149291341
-0.052455594,0.143638629,-0.293385818
0.019334512,-0.164862674,0.468706931
0.212838561,-0.226925449,0.516572045
-0.101026726,-0.011728869,0.155694883
-0.172057156,0.47817444,-0.208728297
